Id,Label,书名
欧阳公政,欧阳公政,飞狐外传
上官铁生,上官铁生,飞狐外传
瘦商人,瘦商人,飞狐外传
哈赤大师,哈赤大师,飞狐外传
姜铁山,姜铁山,飞狐外传
黄希节,黄希节,飞狐外传
凤一鸣,凤一鸣,飞狐外传
崔百胜,崔百胜,飞狐外传
倪不小,倪不小,飞狐外传
薛鹊,薛鹊,飞狐外传
孙刚峰,孙刚峰,飞狐外传
俞朝奉,俞朝奉,飞狐外传
徐铮,徐铮,飞狐外传
德布,德布,飞狐外传
凤七,凤七,飞狐外传
汪铁鹗,汪铁鹗,飞狐外传
何思豪,何思豪,飞狐外传
童怀道,童怀道,飞狐外传
胡大哥,胡大哥,飞狐外传
易吉,易吉,飞狐外传
刘鹤真,刘鹤真,飞狐外传
无青子,无青子,飞狐外传
桑飞虹,桑飞虹,飞狐外传
蓝秦,蓝秦,飞狐外传
西灵道人,西灵道人,飞狐外传
中年武师,中年武师,飞狐外传
司徒雷,司徒雷,飞狐外传
齐伯涛,齐伯涛,飞狐外传
石万嗔,石万嗔,飞狐外传
福康安,福康安,飞狐外传
殷仲翔,殷仲翔,飞狐外传
程灵素,程灵素,飞狐外传
乾隆皇帝,乾隆皇帝,飞狐外传
杨宾,杨宾,飞狐外传
陈禹,陈禹,飞狐外传
郭玉堂,郭玉堂,飞狐外传
大智禅师,大智禅师,飞狐外传
褚轰,褚轰,飞狐外传
袁紫衣,袁紫衣,飞狐外传
任通武,任通武,飞狐外传
马春花,马春花,飞狐外传
胡斐,胡斐,飞狐外传
聂钺,聂钺,飞狐外传
张九,张九,飞狐外传
文醉翁,文醉翁,飞狐外传
秦耐之,秦耐之,飞狐外传
曹猛,曹猛,飞狐外传
木文察,木文察,飞狐外传
王老六,王老六,飞狐外传
李廷豹,李廷豹,飞狐外传
铁匠,铁匠,飞狐外传
吕小妹,吕小妹,飞狐外传
孙伏虎,孙伏虎,飞狐外传
汤沛,汤沛,飞狐外传
胖商人,胖商人,飞狐外传
海兰弼,海兰弼,飞狐外传
张总管,张总管,飞狐外传
陈高波,陈高波,飞狐外传
相国夫人,相国夫人,飞狐外传
倪不大,倪不大,飞狐外传
车夫,车夫,飞狐外传
尉迟连,尉迟连,飞狐外传
姬晓峰,姬晓峰,飞狐外传
姜小铁,姜小铁,飞狐外传
周隆,周隆,飞狐外传
曾铁鸥,曾铁鸥,飞狐外传
慕容景岳,慕容景岳,飞狐外传
邝宝官,邝宝官,飞狐外传
张飞雄,张飞雄,飞狐外传
刘之余,刘之余,飞狐外传
蔡威,蔡威,飞狐外传
蛇皮张,蛇皮张,飞狐外传
杜希孟,杜希孟,雪山飞狐
琴儿,琴儿,雪山飞狐
平阿四,平阿四,雪山飞狐
脚夫,脚夫,雪山飞狐
于管家,于管家,雪山飞狐
周云阳,周云阳,雪山飞狐
刘元鹤,刘元鹤,雪山飞狐
陶子安,陶子安,雪山飞狐
苗若兰,苗若兰,雪山飞狐
胡一刀,胡一刀,雪山飞狐
苗人凤,苗人凤,雪山飞狐
南兰,南兰,雪山飞狐
殷吉,殷吉,雪山飞狐
蒋调侯,蒋调侯,雪山飞狐
陶百岁,陶百岁,雪山飞狐
马行空,马行空,雪山飞狐
熊元献,熊元献,雪山飞狐
商老太,商老太,雪山飞狐
钟兆文,钟兆文,雪山飞狐
钟兆能,钟兆能,雪山飞狐
钟兆英,钟兆英,雪山飞狐
平四,平四,雪山飞狐
田归农,田归农,雪山飞狐
田青文,田青文,雪山飞狐
曹云奇,曹云奇,雪山飞狐
宝树,宝树,雪山飞狐
静智大师,静智大师,雪山飞狐
胡夫人,胡夫人,雪山飞狐
郑三娘,郑三娘,雪山飞狐
补锅匠,补锅匠,雪山飞狐
商宝震,商宝震,雪山飞狐
店伴,店伴,雪山飞狐
范帮主,范帮主,雪山飞狐
赛总管,赛总管,雪山飞狐
阎基,阎基,雪山飞狐
南仁通,南仁通,雪山飞狐
教书先生,教书先生,连城诀
吴坎,吴坎,连城诀
花铁干,花铁干,连城诀
冯坦,冯坦,连城诀
空心菜,空心菜,连城诀
卜垣,卜垣,连城诀
丁典,丁典,连城诀
刘乘风,刘乘风,连城诀
梅念笙,梅念笙,连城诀
言达平,言达平,连城诀
凌霜华,凌霜华,连城诀
鲁坤,鲁坤,连城诀
戚长发,戚长发,连城诀
万圭,万圭,连城诀
沈城,沈城,连城诀
汪啸风,汪啸风,连城诀
宝象和尚,宝象和尚,连城诀
水笙,水笙,连城诀
血刀老祖,血刀老祖,连城诀
孙均,孙均,连城诀
戚芳,戚芳,连城诀
马大鸣,马大鸣,连城诀
狄云,狄云,连城诀
万震山,万震山,连城诀
桃红,桃红,连城诀
凌退思,凌退思,连城诀
陆天抒,陆天抒,连城诀
菊友,菊友,连城诀
周圻,周圻,连城诀
鱼贩头子,鱼贩头子,连城诀
水福,水福,连城诀
水岱,水岱,连城诀
哈大霸,哈大霸,天龙八部
竹剑,竹剑,天龙八部
神音,神音,天龙八部
秦红棉,秦红棉,天龙八部
刀白凤,刀白凤,天龙八部
天山童姥,天山童姥,天龙八部
单正,单正,天龙八部
邓百川,邓百川,天龙八部
平婆婆,平婆婆,天龙八部
巴天石,巴天石,天龙八部
鸠摩智,鸠摩智,天龙八部
钟万仇,钟万仇,天龙八部
谭公,谭公,天龙八部
努儿海,努儿海,天龙八部
阿根,阿根,天龙八部
李春来,李春来,天龙八部
单伯山,单伯山,天龙八部
阿洪,阿洪,天龙八部
萧远山,萧远山,天龙八部
容子矩,容子矩,天龙八部
云中鹤,云中鹤,天龙八部
白世镜,白世镜,天龙八部
范百龄,范百龄,天龙八部
古笃诚,古笃诚,天龙八部
室里,室里,天龙八部
本参,本参,天龙八部
华赫艮,华赫艮,天龙八部
乔峰,乔峰,天龙八部
黄眉和尚,黄眉和尚,天龙八部
耶律重元,耶律重元,天龙八部
耶律洪基,耶律洪基,天龙八部
徐长老,徐长老,天龙八部
张全祥,张全祥,天龙八部
奚长老,奚长老,天龙八部
高升泰,高升泰,天龙八部
桑土公,桑土公,天龙八部
司空玄,司空玄,天龙八部
神山上人,神山上人,天龙八部
端木元,端木元,天龙八部
缘根,缘根,天龙八部
耶律涅鲁古,耶律涅鲁古,天龙八部
苏星河,苏星河,天龙八部
云岛主,云岛主,天龙八部
丁春秋,丁春秋,天龙八部
汉子,汉子,天龙八部
岳老三,岳老三,天龙八部
郁光标,郁光标,天龙八部
本因,本因,天龙八部
摘星子,摘星子,天龙八部
过彦之,过彦之,天龙八部
来福儿,来福儿,天龙八部
宗赞王子,宗赞王子,天龙八部
天狼子,天狼子,天龙八部
玄寂,玄寂,天龙八部
玄苦,玄苦,天龙八部
玄难,玄难,天龙八部
王语嫣,王语嫣,天龙八部
甘宝宝,甘宝宝,天龙八部
褚万里,褚万里,天龙八部
司马林,司马林,天龙八部
耶律莫哥,耶律莫哥,天龙八部
许卓诚,许卓诚,天龙八部
公冶乾,公冶乾,天龙八部
兰剑,兰剑,天龙八部
无崖子,无崖子,天龙八部
冯阿三,冯阿三,天龙八部
慕容博,慕容博,天龙八部
狮鼻子,狮鼻子,天龙八部
游驹,游驹,天龙八部
姚伯当,姚伯当,天龙八部
波罗星,波罗星,天龙八部
薛慕华,薛慕华,天龙八部
葛光佩,葛光佩,天龙八部
菊剑,菊剑,天龙八部
范骅,范骅,天龙八部
马五德,马五德,天龙八部
姜师叔,姜师叔,天龙八部
叶二娘,叶二娘,天龙八部
木婉清,木婉清,天龙八部
陈孤雁,陈孤雁,天龙八部
乌老大,乌老大,天龙八部
不平道人,不平道人,天龙八部
阿胜,阿胜,天龙八部
阿紫,阿紫,天龙八部
鲍千灵,鲍千灵,天龙八部
唐光雄,唐光雄,天龙八部
风波恶,风波恶,天龙八部
崔百泉,崔百泉,天龙八部
石嫂,石嫂,天龙八部
钟灵,钟灵,天龙八部
慧方,慧方,天龙八部
慧观,慧观,天龙八部
段延庆,段延庆,天龙八部
左子穆,左子穆,天龙八部
全冠清,全冠清,天龙八部
穆贵妃,穆贵妃,天龙八部
段正淳,段正淳,天龙八部
玄慈,玄慈,天龙八部
李秋水,李秋水,天龙八部
王夫人,王夫人,天龙八部
阮星竹,阮星竹,天龙八部
辛双清,辛双清,天龙八部
程青霜,程青霜,天龙八部
赫连铁树,赫连铁树,天龙八部
贾老者,贾老者,天龙八部
阿朱,阿朱,天龙八部
止清,止清,天龙八部
段正明,段正明,天龙八部
黎夫人,黎夫人,天龙八部
谭婆,谭婆,天龙八部
诸保昆,诸保昆,天龙八部
阿碧,阿碧,天龙八部
慧真,慧真,天龙八部
慕容复,慕容复,天龙八部
瑞婆婆,瑞婆婆,天龙八部
单小山,单小山,天龙八部
虚竹,虚竹,天龙八部
康广陵,康广陵,天龙八部
崔绿华,崔绿华,天龙八部
小沙弥,小沙弥,天龙八部
游骥,游骥,天龙八部
梅剑,梅剑,天龙八部
傅思归,傅思归,天龙八部
宋长老,宋长老,天龙八部
吴长风,吴长风,天龙八部
玄生,玄生,天龙八部
包不同,包不同,天龙八部
易大彪,易大彪,天龙八部
朴者和尚,朴者和尚,天龙八部
严妈妈,严妈妈,天龙八部
出尘子,出尘子,天龙八部
卓不凡,卓不凡,天龙八部
本相,本相,天龙八部
单叔山,单叔山,天龙八部
单季山,单季山,天龙八部
吴光胜,吴光胜,天龙八部
赵钱孙,赵钱孙,天龙八部
吴领军,吴领军,天龙八部
谭青,谭青,天龙八部
哲罗星,哲罗星,天龙八部
项长老,项长老,天龙八部
本观,本观,天龙八部
玄痛,玄痛,天龙八部
孟师叔,孟师叔,天龙八部
苟读,苟读,天龙八部
刘竹庄,刘竹庄,天龙八部
马夫人,马夫人,天龙八部
幽草,幽草,天龙八部
胖子,胖子,天龙八部
朱丹臣,朱丹臣,天龙八部
慧净,慧净,天龙八部
符敏仪,符敏仪,天龙八部
游坦之,游坦之,天龙八部
智光大师,智光大师,天龙八部
祁六三,祁六三,天龙八部
石清露,石清露,天龙八部
李傀儡,李傀儡,天龙八部
余婆婆,余婆婆,天龙八部
枯荣长老,枯荣长老,天龙八部
梦姑,梦姑,天龙八部
段誉,段誉,天龙八部
梁长老,梁长老,射雕英雄传
简管家,简管家,射雕英雄传
黄药师,黄药师,射雕英雄传
欧阳克,欧阳克,射雕英雄传
郭靖,郭靖,射雕英雄传
蒙哥,蒙哥,射雕英雄传
杨铁心,杨铁心,射雕英雄传
博尔忽,博尔忽,射雕英雄传
裘千丈,裘千丈,射雕英雄传
木华黎,木华黎,射雕英雄传
包惜弱,包惜弱,射雕英雄传
韩无垢,韩无垢,射雕英雄传
百草仙,百草仙,射雕英雄传
桑昆,桑昆,射雕英雄传
哑梢公,哑梢公,射雕英雄传
张阿生,张阿生,射雕英雄传
札木合,札木合,射雕英雄传
汤祖德,汤祖德,射雕英雄传
简长老,简长老,射雕英雄传
穆念慈,穆念慈,射雕英雄传
枯木,枯木,射雕英雄传
柯镇恶,柯镇恶,射雕英雄传
吴青烈,吴青烈,射雕英雄传
焦木和尚,焦木和尚,射雕英雄传
一灯大师,一灯大师,射雕英雄传
彭连虎,彭连虎,射雕英雄传
朱聪,朱聪,射雕英雄传
人厨子,人厨子,射雕英雄传
术赤,术赤,射雕英雄传
完颜洪熙,完颜洪熙,射雕英雄传
张十五,张十五,射雕英雄传
段天德,段天德,射雕英雄传
郭破虏,郭破虏,射雕英雄传
郭啸天,郭啸天,射雕英雄传
曲三,曲三,射雕英雄传
全金发,全金发,射雕英雄传
赤老温,赤老温,射雕英雄传
丘处机,丘处机,射雕英雄传
沙通天,沙通天,射雕英雄传
马青雄,马青雄,射雕英雄传
刘处玄,刘处玄,射雕英雄传
李萍,李萍,射雕英雄传
马钰,马钰,射雕英雄传
胖丐,胖丐,射雕英雄传
洪七公,洪七公,射雕英雄传
余兆兴,余兆兴,射雕英雄传
鄂尔多,鄂尔多,射雕英雄传
谭处端,谭处端,射雕英雄传
吕文德,吕文德,射雕英雄传
彭长老,彭长老,射雕英雄传
陆乘风,陆乘风,射雕英雄传
周伯通,周伯通,射雕英雄传
者勒米,者勒米,射雕英雄传
九死生,九死生,射雕英雄传
农夫,农夫,射雕英雄传
孙不二,孙不二,射雕英雄传
曲傻姑,曲傻姑,射雕英雄传
杨康,杨康,射雕英雄传
察合台,察合台,射雕英雄传
渔人,渔人,射雕英雄传
拖雷,拖雷,射雕英雄传
梁子翁,梁子翁,射雕英雄传
梅超风,梅超风,射雕英雄传
钱青健,钱青健,射雕英雄传
铁木真,铁木真,射雕英雄传
陈玄风,陈玄风,射雕英雄传
陆冠英,陆冠英,射雕英雄传
黎生,黎生,射雕英雄传
都史,都史,射雕英雄传
韩小莹,韩小莹,射雕英雄传
黄蓉,黄蓉,射雕英雄传
侯通海,侯通海,射雕英雄传
裘千仞,裘千仞,射雕英雄传
鲁有脚,鲁有脚,射雕英雄传
华筝,华筝,射雕英雄传
南希仁,南希仁,射雕英雄传
童大海,童大海,射雕英雄传
窝阔台,窝阔台,射雕英雄传
盖运聪,盖运聪,射雕英雄传
忽都虎,忽都虎,射雕英雄传
张一氓,张一氓,射雕英雄传
天竺僧人,天竺僧人,射雕英雄传
完颜洪烈,完颜洪烈,射雕英雄传
韩宝驹,韩宝驹,射雕英雄传
姜文,姜文,射雕英雄传
圣因师太,圣因师太,射雕英雄传
胖妇人,胖妇人,射雕英雄传
程瑶迦,程瑶迦,射雕英雄传
瘦丐,瘦丐,射雕英雄传
灵智上人,灵智上人,射雕英雄传
沈青刚,沈青刚,射雕英雄传
樵子,樵子,射雕英雄传
博尔术,博尔术,射雕英雄传
李文秀,李文秀,白马啸西风
丁同,丁同,白马啸西风
霍元龙,霍元龙,白马啸西风
苏普,苏普,白马啸西风
李三,李三,白马啸西风
苏鲁克,苏鲁克,白马啸西风
车尔库,车尔库,白马啸西风
陈达海,陈达海,白马啸西风
桑斯,桑斯,白马啸西风
上官虹,上官虹,白马啸西风
瓦尔拉齐,瓦尔拉齐,白马啸西风
史仲俊,史仲俊,白马啸西风
马家骏,马家骏,白马啸西风
阿曼,阿曼,白马啸西风
胖头陀,胖头陀,鹿鼎记
云素梅,云素梅,鹿鼎记
章老三,章老三,鹿鼎记
南怀仁,南怀仁,鹿鼎记
马佑,马佑,鹿鼎记
祁清彪,祁清彪,鹿鼎记
冯锡范,冯锡范,鹿鼎记
皇太后,皇太后,鹿鼎记
吕毅中,吕毅中,鹿鼎记
吕留良,吕留良,鹿鼎记
贾老六,贾老六,鹿鼎记
澄光,澄光,鹿鼎记
张妈,张妈,鹿鼎记
韦春花,韦春花,鹿鼎记
图尔布青,图尔布青,鹿鼎记
五符,五符,鹿鼎记
汤若望,汤若望,鹿鼎记
邝天雄,邝天雄,鹿鼎记
殷锦,殷锦,鹿鼎记
齐元凯,齐元凯,鹿鼎记
桑结,桑结,鹿鼎记
柳燕,柳燕,鹿鼎记
陶红英,陶红英,鹿鼎记
林永超,林永超,鹿鼎记
杨溢之,杨溢之,鹿鼎记
阿尔尼,阿尔尼,鹿鼎记
庄夫人,庄夫人,鹿鼎记
菊芳,菊芳,鹿鼎记
茅十八,茅十八,鹿鼎记
马喇,马喇,鹿鼎记
苏菲亚,苏菲亚,鹿鼎记
张淡月,张淡月,鹿鼎记
鳌拜,鳌拜,鹿鼎记
杜立德,杜立德,鹿鼎记
教士,教士,鹿鼎记
陈圆圆,陈圆圆,鹿鼎记
昌齐,昌齐,鹿鼎记
徐天川,徐天川,鹿鼎记
神照上人,神照上人,鹿鼎记
净清,净清,鹿鼎记
李力世,李力世,鹿鼎记
小桂子,小桂子,鹿鼎记
于八,于八,鹿鼎记
费要多罗,费要多罗,鹿鼎记
巴颜法师,巴颜法师,鹿鼎记
张勇,张勇,鹿鼎记
澄心,澄心,鹿鼎记
许雪亭,许雪亭,鹿鼎记
胡德第,胡德第,鹿鼎记
太皇太后,太皇太后,鹿鼎记
白寒枫,白寒枫,鹿鼎记
澄通,澄通,鹿鼎记
白寒松,白寒松,鹿鼎记
吴三桂,吴三桂,鹿鼎记
行痴,行痴,鹿鼎记
马超兴,马超兴,鹿鼎记
蕊初,蕊初,鹿鼎记
蔡德忠,蔡德忠,鹿鼎记
沐剑声,沐剑声,鹿鼎记
洪朝,洪朝,鹿鼎记
苏辙,苏辙,鹿鼎记
陆高轩,陆高轩,鹿鼎记
葛通,葛通,鹿鼎记
索额图,索额图,鹿鼎记
敖彪,敖彪,鹿鼎记
葛尔丹,葛尔丹,鹿鼎记
柳大洪,柳大洪,鹿鼎记
林兴珠,林兴珠,鹿鼎记
杰书,杰书,鹿鼎记
图海道,图海道,鹿鼎记
罕贴摩,罕贴摩,鹿鼎记
崔瞎子,崔瞎子,鹿鼎记
吕葆中,吕葆中,鹿鼎记
司徒鹤,司徒鹤,鹿鼎记
江百胜,江百胜,鹿鼎记
刘一舟,刘一舟,鹿鼎记
元义方,元义方,鹿鼎记
平威,平威,鹿鼎记
方怡,方怡,鹿鼎记
老吴,老吴,鹿鼎记
庄允城,庄允城,鹿鼎记
高里津,高里津,鹿鼎记
马宝,马宝,鹿鼎记
苏荃,苏荃,鹿鼎记
雷一啸,雷一啸,鹿鼎记
慕天颜,慕天颜,鹿鼎记
建宁公主,建宁公主,鹿鼎记
风际中,风际中,鹿鼎记
心溪,心溪,鹿鼎记
华伯斯基,华伯斯基,鹿鼎记
舒化龙,舒化龙,鹿鼎记
澄识,澄识,鹿鼎记
樊纲,樊纲,鹿鼎记
司徒伯雷,司徒伯雷,鹿鼎记
净济,净济,鹿鼎记
瑞栋,瑞栋,鹿鼎记
温有道,温有道,鹿鼎记
吴应熊,吴应熊,鹿鼎记
吴之荣,吴之荣,鹿鼎记
行颠,行颠,鹿鼎记
归钟,归钟,鹿鼎记
富春,富春,鹿鼎记
彭参将,彭参将,鹿鼎记
劳太监,劳太监,鹿鼎记
澄观,澄观,鹿鼎记
赵良栋,赵良栋,鹿鼎记
温有方,温有方,鹿鼎记
晦聪禅师,晦聪禅师,鹿鼎记
黄甫,黄甫,鹿鼎记
洪安通,洪安通,鹿鼎记
卫周祚,卫周祚,鹿鼎记
程维藩,程维藩,鹿鼎记
多隆,多隆,鹿鼎记
夏国相,夏国相,鹿鼎记
赵齐贤,赵齐贤,鹿鼎记
史松,史松,鹿鼎记
呼巴音,呼巴音,鹿鼎记
张康年,张康年,鹿鼎记
陈近南,陈近南,鹿鼎记
吴立身,吴立身,鹿鼎记
皇甫阁,皇甫阁,鹿鼎记
郑克爽,郑克爽,鹿鼎记
苏冈,苏冈,鹿鼎记
卢一峰,卢一峰,鹿鼎记
顾炎武,顾炎武,鹿鼎记
齐洛诺夫,齐洛诺夫,鹿鼎记
曾柔,曾柔,鹿鼎记
韦小宝,韦小宝,鹿鼎记
施琅,施琅,鹿鼎记
黄宗羲,黄宗羲,鹿鼎记
阿济赤,阿济赤,鹿鼎记
九难,九难,鹿鼎记
钱老本,钱老本,鹿鼎记
钟志灵,钟志灵,鹿鼎记
邓炳春,邓炳春,鹿鼎记
路副将,路副将,鹿鼎记
关安基,关安基,鹿鼎记
西奥图三世,西奥图三世,鹿鼎记
双儿,双儿,鹿鼎记
胡逸之,胡逸之,鹿鼎记
米思翰,米思翰,鹿鼎记
马博仁,马博仁,鹿鼎记
吴六奇,吴六奇,鹿鼎记
白二,白二,鹿鼎记
瘦头陀,瘦头陀,鹿鼎记
吴大鹏,吴大鹏,鹿鼎记
玉林,玉林,鹿鼎记
姚春,姚春,鹿鼎记
海大富,海大富,鹿鼎记
沐剑屏,沐剑屏,鹿鼎记
孙思克,孙思克,鹿鼎记
李西华,李西华,鹿鼎记
李式开,李式开,鹿鼎记
游迅,游迅,笑傲江湖
齐堂主,齐堂主,笑傲江湖
东方不败,东方不败,笑傲江湖
米为义,米为义,笑傲江湖
洪人雄,洪人雄,笑傲江湖
老头子,老头子,笑傲江湖
聋哑婆婆,聋哑婆婆,笑傲江湖
刘芹,刘芹,笑傲江湖
冲虚道长,冲虚道长,笑傲江湖
施戴子,施戴子,笑傲江湖
丁坚,丁坚,笑傲江湖
谭迪人,谭迪人,笑傲江湖
易国梓,易国梓,笑傲江湖
费彬,费彬,笑傲江湖
余沧海,余沧海,笑傲江湖
任我行,任我行,笑傲江湖
季镖头,季镖头,笑傲江湖
仪和,仪和,笑傲江湖
仇松年,仇松年,笑傲江湖
闻先生,闻先生,笑傲江湖
陆伯,陆伯,笑傲江湖
黑白子,黑白子,笑傲江湖
桑三娘,桑三娘,笑傲江湖
桃枝仙,桃枝仙,笑傲江湖
丹青生,丹青生,笑傲江湖
成不忧,成不忧,笑傲江湖
林平之,林平之,笑傲江湖
左冷禅,左冷禅,笑傲江湖
狄镖头,狄镖头,笑傲江湖
祖千秋,祖千秋,笑傲江湖
司马大,司马大,笑傲江湖
夏老拳师,夏老拳师,笑傲江湖
史镖头,史镖头,笑傲江湖
童百熊,童百熊,笑傲江湖
长青子,长青子,笑傲江湖
鲁连荣,鲁连荣,笑傲江湖
田伯光,田伯光,笑傲江湖
玉钟子,玉钟子,笑傲江湖
黄钟公,黄钟公,笑傲江湖
鲍大楚,鲍大楚,笑傲江湖
假东方不败,假东方不败,笑傲江湖
莫大,莫大,笑傲江湖
计无施,计无施,笑傲江湖
任盈盈,任盈盈,笑傲江湖
贾人达,贾人达,笑傲江湖
贾布,贾布,笑傲江湖
天松道人,天松道人,笑傲江湖
辛国梁,辛国梁,笑傲江湖
梁发,梁发,笑傲江湖
桃实仙,桃实仙,笑傲江湖
桃叶仙,桃叶仙,笑傲江湖
于人豪,于人豪,笑傲江湖
杜长老,杜长老,笑傲江湖
乐厚,乐厚,笑傲江湖
郑萼,郑萼,笑傲江湖
刘正风,刘正风,笑傲江湖
木高峰,木高峰,笑傲江湖
严三星,严三星,笑傲江湖
刘菁,刘菁,笑傲江湖
成高道人,成高道人,笑傲江湖
陆大有,陆大有,笑傲江湖
平夫人,平夫人,笑傲江湖
卜沉,卜沉,笑傲江湖
定逸,定逸,笑傲江湖
宁中则,宁中则,笑傲江湖
祝镖头,祝镖头,笑傲江湖
丁勉,丁勉,笑傲江湖
林震南,林震南,笑傲江湖
林远图,林远图,笑傲江湖
令狐冲,令狐冲,笑傲江湖
天门道人,天门道人,笑傲江湖
易师爷,易师爷,笑傲江湖
施令威,施令威,笑傲江湖
万大平,万大平,笑傲江湖
绿竹翁,绿竹翁,笑傲江湖
高明根,高明根,笑傲江湖
岳灵珊,岳灵珊,笑傲江湖
杨莲亭,杨莲亭,笑傲江湖
何三七,何三七,笑傲江湖
钟镇,钟镇,笑傲江湖
英颚,英颚,笑傲江湖
吉人通,吉人通,笑傲江湖
仪清,仪清,笑傲江湖
西宝,西宝,笑傲江湖
吴柏英,吴柏英,笑傲江湖
解风,解风,笑傲江湖
玉音子,玉音子,笑傲江湖
玉灵道人,玉灵道人,笑傲江湖
桃根仙,桃根仙,笑傲江湖
麻衣汉子,麻衣汉子,笑傲江湖
狄修,狄修,笑傲江湖
黑熊,黑熊,笑傲江湖
黄国柏,黄国柏,笑傲江湖
高克新,高克新,笑傲江湖
陶钧,陶钧,笑傲江湖
陈歪嘴,陈歪嘴,笑傲江湖
陈七,陈七,笑傲江湖
邓八公,邓八公,笑傲江湖
蓝凤凰,蓝凤凰,笑傲江湖
葛长老,葛长老,笑傲江湖
英白罗,英白罗,笑傲江湖
舒奇,舒奇,笑傲江湖
罗人杰,罗人杰,笑傲江湖
申人俊,申人俊,笑傲江湖
玉玑子,玉玑子,笑傲江湖
桃花仙,桃花仙,笑傲江湖
易堂主,易堂主,笑傲江湖
方证,方证,笑傲江湖
张夫人,张夫人,笑傲江湖
平一指,平一指,笑傲江湖
岳不群,岳不群,笑傲江湖
封不平,封不平,笑傲江湖
定静师太,定静师太,笑傲江湖
天乙道人,天乙道人,笑傲江湖
哑婆婆,哑婆婆,笑傲江湖
周孤桐,周孤桐,笑傲江湖
向问天,向问天,笑傲江湖
劳德诺,劳德诺,笑傲江湖
冲虚,冲虚,笑傲江湖
上官云,上官云,笑傲江湖
黄伯流,黄伯流,笑傲江湖
风清扬,风清扬,笑傲江湖
震山子,震山子,笑傲江湖
郑镖头,郑镖头,笑傲江湖
觉月,觉月,笑傲江湖
秃笔翁,秃笔翁,笑傲江湖
白熊,白熊,笑傲江湖
玉磬子,玉磬子,笑傲江湖
沙天江,沙天江,笑傲江湖
桃干仙,桃干仙,笑傲江湖
曲非烟,曲非烟,笑傲江湖
曲洋,曲洋,笑傲江湖
无色,无色,笑傲江湖
方生,方生,笑傲江湖
方人智,方人智,笑傲江湖
建除,建除,笑傲江湖
崔镖头,崔镖头,笑傲江湖
吴天德,吴天德,笑傲江湖
向大年,向大年,笑傲江湖
史登达,史登达,笑傲江湖
侯人英,侯人英,笑傲江湖
余人彦,余人彦,笑傲江湖
仪琳,仪琳,笑傲江湖
于嫂,于嫂,笑傲江湖
丛不弃,丛不弃,笑傲江湖
不戒和尚,不戒和尚,笑傲江湖
忽伦三虎,忽伦三虎,书剑恩仇录
武铭,武铭,书剑恩仇录
尹章垓,尹章垓,书剑恩仇录
瑞芳,瑞芳,书剑恩仇录
白振,白振,书剑恩仇录
大痴,大痴,书剑恩仇录
喀丝丽,喀丝丽,书剑恩仇录
哈合台,哈合台,书剑恩仇录
和尔大,和尔大,书剑恩仇录
周英杰,周英杰,书剑恩仇录
周仲英,周仲英,书剑恩仇录
阎世魁,阎世魁,书剑恩仇录
韩文冲,韩文冲,书剑恩仇录
关明梅,关明梅,书剑恩仇录
元痛,元痛,书剑恩仇录
余鱼同,余鱼同,书剑恩仇录
晴画,晴画,书剑恩仇录
无尘道长,无尘道长,书剑恩仇录
蒋四根,蒋四根,书剑恩仇录
袁枚,袁枚,书剑恩仇录
瑞大林,瑞大林,书剑恩仇录
蒋天寿,蒋天寿,书剑恩仇录
纳斯尔丁,纳斯尔丁,书剑恩仇录
阿里,阿里,书剑恩仇录
无尘道人,无尘道人,书剑恩仇录
安健刚,安健刚,书剑恩仇录
凯别兴,凯别兴,书剑恩仇录
周绮,周绮,书剑恩仇录
忽伦四虎,忽伦四虎,书剑恩仇录
朱祖荫,朱祖荫,书剑恩仇录
马大挺,马大挺,书剑恩仇录
元悲,元悲,书剑恩仇录
马善均,马善均,书剑恩仇录
曹能,曹能,书剑恩仇录
桑拉巴,桑拉巴,书剑恩仇录
马齐,马齐,书剑恩仇录
韩春霖,韩春霖,书剑恩仇录
霍青桐,霍青桐,书剑恩仇录
霍阿伊,霍阿伊,书剑恩仇录
陈正德,陈正德,书剑恩仇录
陈家洛,陈家洛,书剑恩仇录
陆菲青,陆菲青,书剑恩仇录
阿凡提,阿凡提,书剑恩仇录
贝人龙,贝人龙,书剑恩仇录
覃天丞,覃天丞,书剑恩仇录
褚圆,褚圆,书剑恩仇录
胡老爷,胡老爷,书剑恩仇录
童兆和,童兆和,书剑恩仇录
焦文期,焦文期,书剑恩仇录
梅良鸣,梅良鸣,书剑恩仇录
李可秀,李可秀,书剑恩仇录
木卓伦,木卓伦,书剑恩仇录
曾图南,曾图南,书剑恩仇录
曹司朋,曹司朋,书剑恩仇录
方有德,方有德,书剑恩仇录
教长,教长,书剑恩仇录
成璜,成璜,书剑恩仇录
心砚,心砚,书剑恩仇录
张召重,张召重,书剑恩仇录
常伯志,常伯志,书剑恩仇录
宋善朋,宋善朋,书剑恩仇录
孙老三,孙老三,书剑恩仇录
孙克通,孙克通,书剑恩仇录
天镜,天镜,书剑恩仇录
天虹禅师,天虹禅师,书剑恩仇录
冯辉,冯辉,书剑恩仇录
兆惠,兆惠,书剑恩仇录
于万亭,于万亭,书剑恩仇录
上官,上官,书剑恩仇录
吴国栋,吴国栋,书剑恩仇录
忽伦大虎,忽伦大虎,书剑恩仇录
老不死,老不死,书剑恩仇录
石双英,石双英,书剑恩仇录
周大奶奶,周大奶奶,书剑恩仇录
马敬侠,马敬侠,书剑恩仇录
李沅芷,李沅芷,书剑恩仇录
上官毅山,上官毅山,书剑恩仇录
万庆澜,万庆澜,书剑恩仇录
德鄂,德鄂,书剑恩仇录
彭三春,彭三春,书剑恩仇录
骆冰,骆冰,书剑恩仇录
阎世章,阎世章,书剑恩仇录
戴永明,戴永明,书剑恩仇录
卫春华,卫春华,书剑恩仇录
赵半山,赵半山,书剑恩仇录
无常鬼,无常鬼,书剑恩仇录
忽伦二虎,忽伦二虎,书剑恩仇录
孙大善,孙大善,书剑恩仇录
唐六爷,唐六爷,书剑恩仇录
沈德潜,沈德潜,书剑恩仇录
宋天保,宋天保,书剑恩仇录
徐天宏,徐天宏,书剑恩仇录
老王,老王,书剑恩仇录
常赫志,常赫志,书剑恩仇录
张安官,张安官,书剑恩仇录
平旺先,平旺先,书剑恩仇录
大癫,大癫,书剑恩仇录
迟玄,迟玄,书剑恩仇录
钱正伦,钱正伦,书剑恩仇录
大苦,大苦,书剑恩仇录
周阿三,周阿三,书剑恩仇录
呼音克,呼音克,书剑恩仇录
言伯乾,言伯乾,书剑恩仇录
郑板桥,郑板桥,书剑恩仇录
袁士霄,袁士霄,书剑恩仇录
孟健雄,孟健雄,书剑恩仇录
顾金标,顾金标,书剑恩仇录
范中恩,范中恩,书剑恩仇录
汪浩天,汪浩天,书剑恩仇录
文泰来,文泰来,书剑恩仇录
章进,章进,书剑恩仇录
元伤,元伤,书剑恩仇录
杨成协,杨成协,书剑恩仇录
罗信,罗信,书剑恩仇录
玉如意,玉如意,书剑恩仇录
史季强,史季强,神雕侠侣
郝大通,郝大通,神雕侠侣
丧门鬼,丧门鬼,神雕侠侣
青灵子,青灵子,神雕侠侣
冯默风,冯默风,神雕侠侣
耶律晋,耶律晋,神雕侠侣
尹志平,尹志平,神雕侠侣
小龙女,小龙女,神雕侠侣
史叔刚,史叔刚,神雕侠侣
天竺僧,天竺僧,神雕侠侣
潘天耕,潘天耕,神雕侠侣
祁志诚,祁志诚,神雕侠侣
张志光,张志光,神雕侠侣
李志常,李志常,神雕侠侣
李莫愁,李莫愁,神雕侠侣
武三通,武三通,神雕侠侣
武敦儒,武敦儒,神雕侠侣
陈大方,陈大方,神雕侠侣
宋五,宋五,神雕侠侣
霍都,霍都,神雕侠侣
潇湘子,潇湘子,神雕侠侣
鹿清笃,鹿清笃,神雕侠侣
点苍渔隐,点苍渔隐,神雕侠侣
王道,王道,神雕侠侣
张君宝,张君宝,神雕侠侣
觉远,觉远,神雕侠侣
催命鬼,催命鬼,神雕侠侣
俏鬼,俏鬼,神雕侠侣
郭襄,郭襄,神雕侠侣
何足道,何足道,神雕侠侣
郭芙,郭芙,神雕侠侣
王十三,王十三,神雕侠侣
申志凡,申志凡,神雕侠侣
柔儿,柔儿,神雕侠侣
藏边五丑,藏边五丑,神雕侠侣
尹克西,尹克西,神雕侠侣
朱子柳,朱子柳,神雕侠侣
完颜萍,完颜萍,神雕侠侣
樊一翁,樊一翁,神雕侠侣
宋德方,宋德方,神雕侠侣
杨过,杨过,神雕侠侣
耶律楚材,耶律楚材,神雕侠侣
公孙止,公孙止,神雕侠侣
吊死鬼,吊死鬼,神雕侠侣
大头鬼,大头鬼,神雕侠侣
崔志方,崔志方,神雕侠侣
武修文,武修文,神雕侠侣
陆无双,陆无双,神雕侠侣
陆二娘,陆二娘,神雕侠侣
金轮法王,金轮法王,神雕侠侣
达尔巴,达尔巴,神雕侠侣
赵志敬,赵志敬,神雕侠侣
裘千尺,裘千尺,神雕侠侣
蓝天和,蓝天和,神雕侠侣
萨多,萨多,神雕侠侣
耶律燕,耶律燕,神雕侠侣
煞神鬼,煞神鬼,神雕侠侣
林朝英,林朝英,神雕侠侣
无相禅师,无相禅师,神雕侠侣
方天劳,方天劳,神雕侠侣
忽必烈,忽必烈,神雕侠侣
小棒头,小棒头,神雕侠侣
史伯威,史伯威,神雕侠侣
史仲猛,史仲猛,神雕侠侣
公孙绿萼,公孙绿萼,神雕侠侣
丁大全,丁大全,神雕侠侣
张二叔,张二叔,神雕侠侣
天鸣方丈,天鸣方丈,神雕侠侣
马光佐,马光佐,神雕侠侣
耶律齐,耶律齐,神雕侠侣
尼摩星,尼摩星,神雕侠侣
卫天望,卫天望,神雕侠侣
武三娘,武三娘,神雕侠侣
子聪,子聪,神雕侠侣
洪凌波,洪凌波,神雕侠侣
孙婆婆,孙婆婆,神雕侠侣
笑脸鬼,笑脸鬼,神雕侠侣
讨债鬼,讨债鬼,神雕侠侣
齐自勉,齐自勉,侠客行
贝海石,贝海石,侠客行
花万紫,花万紫,侠客行
照虚,照虚,侠客行
成自学,成自学,侠客行
安奉日,安奉日,侠客行
孙万年,孙万年,侠客行
大悲老人,大悲老人,侠客行
呼延万善,呼延万善,侠客行
周牧,周牧,侠客行
吕正平,吕正平,侠客行
司徒横,司徒横,侠客行
丁不四,丁不四,侠客行
石破天,石破天,侠客行
温仁厚,温仁厚,侠客行
天虚,天虚,侠客行
梅文馨,梅文馨,侠客行
廖自砺,廖自砺,侠客行
黄面道人,黄面道人,侠客行
陈冲之,陈冲之,侠客行
邱山风,邱山风,侠客行
郑光芝,郑光芝,侠客行
风良,风良,侠客行
闵柔,闵柔,侠客行
张三,张三,侠客行
梅芳姑,梅芳姑,侠客行
灵虚,灵虚,侠客行
米横野,米横野,侠客行
汪万翼,汪万翼,侠客行
梁自进,梁自进,侠客行
侍剑,侍剑,侠客行
白自在,白自在,侠客行
史小翠,史小翠,侠客行
小翠,小翠,侠客行
吴道通,吴道通,侠客行
耿万钟,耿万钟,侠客行
李四,李四,侠客行
龙岛主,龙岛主,侠客行
杨光,杨光,侠客行
白万剑,白万剑,侠客行
李万山,李万山,侠客行
解文豹,解文豹,侠客行
冯振武,冯振武,侠客行
展飞,展飞,侠客行
范一飞,范一飞,侠客行
李大元,李大元,侠客行
高三娘子,高三娘子,侠客行
尤得胜,尤得胜,侠客行
柯万钧,柯万钧,侠客行
丑脸汉子,丑脸汉子,侠客行
谢烟客,谢烟客,侠客行
元澄道人,元澄道人,侠客行
木岛主,木岛主,侠客行
褚万春,褚万春,侠客行
闻万夫,闻万夫,侠客行
丁不三,丁不三,侠客行
石清,石清,侠客行
石中玉,石中玉,侠客行
封万里,封万里,侠客行
执法长老,执法长老,倚天屠龙记
庄铮,庄铮,倚天屠龙记
明月,明月,倚天屠龙记
易三娘,易三娘,倚天屠龙记
常敬之,常敬之,倚天屠龙记
小虹,小虹,倚天屠龙记
鹿杖客,鹿杖客,倚天屠龙记
宫九佳,宫九佳,倚天屠龙记
杜百当,杜百当,倚天屠龙记
杨不悔,杨不悔,倚天屠龙记
欧阳牧之,欧阳牧之,倚天屠龙记
孙三毁,孙三毁,倚天屠龙记
汤和,汤和,倚天屠龙记
圆音,圆音,倚天屠龙记
圆业,圆业,倚天屠龙记
吴良,吴良,倚天屠龙记
班淑娴,班淑娴,倚天屠龙记
白龟寿,白龟寿,倚天屠龙记
祁天彪,祁天彪,倚天屠龙记
苏梦清,苏梦清,倚天屠龙记
冷谦,冷谦,倚天屠龙记
俱明宝树王,俱明宝树王,倚天屠龙记
辉月使,辉月使,倚天屠龙记
都大锦,都大锦,倚天屠龙记
传功长老,传功长老,倚天屠龙记
静虚师太,静虚师太,倚天屠龙记
韩林儿,韩林儿,倚天屠龙记
高老者,高老者,倚天屠龙记
鲜于通,鲜于通,倚天屠龙记
彭莹玉,彭莹玉,倚天屠龙记
徐达,徐达,倚天屠龙记
德成,德成,倚天屠龙记
成昆,成昆,倚天屠龙记
宋青书,宋青书,倚天屠龙记
宋远桥,宋远桥,倚天屠龙记
朱九真,朱九真,倚天屠龙记
孟正鸿,孟正鸿,倚天屠龙记
流云使,流云使,倚天屠龙记
武青婴,武青婴,倚天屠龙记
静迦,静迦,倚天屠龙记
刘敖,刘敖,倚天屠龙记
程坛主,程坛主,倚天屠龙记
渡厄,渡厄,倚天屠龙记
陈友谅,陈友谅,倚天屠龙记
郑长老,郑长老,倚天屠龙记
詹春,詹春,倚天屠龙记
平等宝树王,平等宝树王,倚天屠龙记
夏胄,夏胄,倚天屠龙记
圆真,圆真,倚天屠龙记
圆心,圆心,倚天屠龙记
谢逊,谢逊,倚天屠龙记
渡难,渡难,倚天屠龙记
马法通,马法通,倚天屠龙记
哈总管,哈总管,倚天屠龙记
邵鹤,邵鹤,倚天屠龙记
卜泰,卜泰,倚天屠龙记
殷无禄,殷无禄,倚天屠龙记
韩千叶,韩千叶,倚天屠龙记
赵敏,赵敏,倚天屠龙记
元广波,元广波,倚天屠龙记
吴祯,吴祯,倚天屠龙记
吴六破,吴六破,倚天屠龙记
空智,空智,倚天屠龙记
卫璧,卫璧,倚天屠龙记
叶长青,叶长青,倚天屠龙记
殷离,殷离,倚天屠龙记
封坛主,封坛主,倚天屠龙记
张翠山,张翠山,倚天屠龙记
殷梨亭,殷梨亭,倚天屠龙记
小玲,小玲,倚天屠龙记
王八衰,王八衰,倚天屠龙记
吴劲草,吴劲草,倚天屠龙记
察罕特穆尔,察罕特穆尔,倚天屠龙记
张三丰,张三丰,倚天屠龙记
花云,花云,倚天屠龙记
张中,张中,倚天屠龙记
莫声谷,莫声谷,倚天屠龙记
蒋涛,蒋涛,倚天屠龙记
麦少帮主,麦少帮主,倚天屠龙记
季长老,季长老,倚天屠龙记
说不得,说不得,倚天屠龙记
贺老三,贺老三,倚天屠龙记
辛然,辛然,倚天屠龙记
过三拳,过三拳,倚天屠龙记
乌旺阿普,乌旺阿普,倚天屠龙记
郑七灭,郑七灭,倚天屠龙记
方东白,方东白,倚天屠龙记
阿三,阿三,倚天屠龙记
静慧,静慧,倚天屠龙记
周颠,周颠,倚天屠龙记
朱元璋,朱元璋,倚天屠龙记
史红石,史红石,倚天屠龙记
静玄师太,静玄师太,倚天屠龙记
殷野王,殷野王,倚天屠龙记
泉建男,泉建男,倚天屠龙记
周芷若,周芷若,倚天屠龙记
贝锦仪,贝锦仪,倚天屠龙记
小昭,小昭,倚天屠龙记
朱长龄,朱长龄,倚天屠龙记
矮老者,矮老者,倚天屠龙记
空性,空性,倚天屠龙记
空见,空见,倚天屠龙记
空闻,空闻,倚天屠龙记
唐文亮,唐文亮,倚天屠龙记
简捷,简捷,倚天屠龙记
李四摧,李四摧,倚天屠龙记
纪晓芙,纪晓芙,倚天屠龙记
杨逍,杨逍,倚天屠龙记
周五输,周五输,倚天屠龙记
苏习之,苏习之,倚天屠龙记
范遥,范遥,倚天屠龙记
麦鲸,麦鲸,倚天屠龙记
司徒千钟,司徒千钟,倚天屠龙记
卫四娘,卫四娘,倚天屠龙记
郝密,郝密,倚天屠龙记
闻苍松,闻苍松,倚天屠龙记
刚相,刚相,倚天屠龙记
静空,静空,倚天屠龙记
韦一笑,韦一笑,倚天屠龙记
何太冲,何太冲,倚天屠龙记
殷无福,殷无福,倚天屠龙记
殷素素,殷素素,倚天屠龙记
常遇春,常遇春,倚天屠龙记
云鹤,云鹤,倚天屠龙记
武烈,武烈,倚天屠龙记
掌钵龙头,掌钵龙头,倚天屠龙记
殷天正,殷天正,倚天屠龙记
静照,静照,倚天屠龙记
殷无寿,殷无寿,倚天屠龙记
姚清泉,姚清泉,倚天屠龙记
渡劫,渡劫,倚天屠龙记
摩诃巴思,摩诃巴思,倚天屠龙记
妙风使,妙风使,倚天屠龙记
太虚子,太虚子,倚天屠龙记
高则成,高则成,倚天屠龙记
灭绝师太,灭绝师太,倚天屠龙记
唐洋,唐洋,倚天屠龙记
秦老五,秦老五,倚天屠龙记
史火龙,史火龙,倚天屠龙记
胡青牛,胡青牛,倚天屠龙记
胡青羊,胡青羊,倚天屠龙记
掌棒龙头,掌棒龙头,倚天屠龙记
西华子,西华子,倚天屠龙记
齐心宝树王,齐心宝树王,倚天屠龙记
觉远大师,觉远大师,倚天屠龙记
赵一伤,赵一伤,倚天屠龙记
邓愈,邓愈,倚天屠龙记
张松溪,张松溪,倚天屠龙记
邵燕,邵燕,倚天屠龙记
俞岱岩,俞岱岩,倚天屠龙记
张无忌,张无忌,倚天屠龙记
阿二,阿二,倚天屠龙记
金花婆婆,金花婆婆,倚天屠龙记
钱二败,钱二败,倚天屠龙记
常金鹏,常金鹏,倚天屠龙记
常胜宝树王,常胜宝树王,倚天屠龙记
乔福,乔福,倚天屠龙记
小凤,小凤,倚天屠龙记
寿南山,寿南山,倚天屠龙记
宗维侠,宗维侠,倚天屠龙记
阳顶天,阳顶天,倚天屠龙记
宁完我,宁完我,碧血剑
张信,张信,碧血剑
龙德邻,龙德邻,碧血剑
杨景亭,杨景亭,碧血剑
焦宛儿,焦宛儿,碧血剑
焦公礼,焦公礼,碧血剑
皇太极,皇太极,碧血剑
祖大寿,祖大寿,碧血剑
吕七,吕七,碧血剑
归辛树,归辛树,碧血剑
倪浩,倪浩,碧血剑
穆人清,穆人清,碧血剑
史秉光,史秉光,碧血剑
应松,应松,碧血剑
闵子华,闵子华,碧血剑
安剑清,安剑清,碧血剑
木桑道长,木桑道长,碧血剑
董开山,董开山,碧血剑
郑起云,郑起云,碧血剑
孟伯飞,孟伯飞,碧血剑
西门观止,西门观止,碧血剑
秦栋,秦栋,碧血剑
洞玄,洞玄,碧血剑
农妇,农妇,碧血剑
张若谷,张若谷,碧血剑
孙仲寿,孙仲寿,碧血剑
丁游,丁游,碧血剑
安大娘,安大娘,碧血剑
吴平,吴平,碧血剑
安小慧,安小慧,碧血剑
宋献策,宋献策,碧血剑
鲍承先,鲍承先,碧血剑
小王将军,小王将军,碧血剑
小菊,小菊,碧血剑
巴泰,巴泰,碧血剑
张朝唐,张朝唐,碧血剑
彼得,彼得,碧血剑
刘培生,刘培生,碧血剑
潘秀达,潘秀达,碧血剑
老李,老李,碧血剑
冯同知,冯同知,碧血剑
冯不摧,冯不摧,碧血剑
荣彩,荣彩,碧血剑
袁承志,袁承志,碧血剑
何惕守,何惕守,碧血剑
钱通四,钱通四,碧血剑
哑巴,哑巴,碧血剑
夏雪宜,夏雪宜,碧血剑
温方达,温方达,碧血剑
刘芳亮,刘芳亮,碧血剑
崔秋山,崔秋山,碧血剑
若克琳,若克琳,碧血剑
万里风,万里风,碧血剑
水鉴,水鉴,碧血剑
齐云,齐云,碧血剑
孟铮,孟铮,碧血剑
孟铸,孟铸,碧血剑
马公子,马公子,碧血剑
温方山,温方山,碧血剑
温方悟,温方悟,碧血剑
温方施,温方施,碧血剑
温正,温正,碧血剑
岑其斯,岑其斯,碧血剑
张春九,张春九,碧血剑
白脸人,白脸人,碧血剑
乔寨主,乔寨主,碧血剑
温南扬,温南扬,碧血剑
洪胜海,洪胜海,碧血剑
李岩,李岩,碧血剑
黎刚,黎刚,碧血剑
沙广天,沙广天,碧血剑
程青竹,程青竹,碧血剑
童子,童子,碧血剑
单铁生,单铁生,碧血剑
罗大千,罗大千,碧血剑
何铁手,何铁手,碧血剑
温仪,温仪,碧血剑
温方义,温方义,碧血剑
玉真子,玉真子,碧血剑
田见秀,田见秀,碧血剑
曹化淳,曹化淳,碧血剑
红娘子,红娘子,碧血剑
罗立如,罗立如,碧血剑
冯难敌,冯难敌,碧血剑
胡桂南,胡桂南,碧血剑
守备,守备,碧血剑
范文程,范文程,碧血剑
多尔衮,多尔衮,碧血剑
谭文理,谭文理,碧血剑
黄须人,黄须人,碧血剑
史秉文,史秉文,碧血剑
刘宗敏,刘宗敏,碧血剑
沙老大,沙老大,碧血剑
李自成,李自成,碧血剑
何红药,何红药,碧血剑
杨鹏举,杨鹏举,碧血剑
崔希敏,崔希敏,碧血剑
侯飞文,侯飞文,碧血剑
胡老三,胡老三,碧血剑
梅剑和,梅剑和,碧血剑
黄真,黄真,碧血剑
归二娘,归二娘,碧血剑
温青,温青,碧血剑
张康,张康,碧血剑
朱安国,朱安国,碧血剑
义生,义生,碧血剑
大汉,大汉,碧血剑
阿九,阿九,碧血剑
水云道人,水云道人,碧血剑
黄二毛子,黄二毛子,碧血剑
石骏,石骏,碧血剑
冯不破,冯不破,碧血剑
萧中慧,萧中慧,鸳鸯刀
任飞燕,任飞燕,鸳鸯刀
常长风,常长风,鸳鸯刀
明珠,明珠,鸳鸯刀
杨中慧,杨中慧,鸳鸯刀
袁冠南,袁冠南,鸳鸯刀
袁夫人,袁夫人,鸳鸯刀
周威信,周威信,鸳鸯刀
少妇,少妇,鸳鸯刀
林玉龙,林玉龙,鸳鸯刀
清风,清风,鸳鸯刀
花剑影,花剑影,鸳鸯刀
盖一鸣,盖一鸣,鸳鸯刀
杨夫人,杨夫人,鸳鸯刀
书僮,书僮,鸳鸯刀
逍遥子,逍遥子,鸳鸯刀
卓天雄,卓天雄,鸳鸯刀
萧半和,萧半和,鸳鸯刀
